,video_id,channel,published_at,title
0,E1kDTUf6bsA,CodeWithHarry,2023-04-15T11:30:06Z,Password generator in Python!
1,ihnWXGPxNEk,Yes Tech Media,2020-11-16T20:13:42Z,Python Programming Malayalam Tutorial
2,dB-0Q7wuikw,Coding With Sagar,2024-08-11T11:09:23Z,"100-Day Roadmap to Master #pythonprogramming  #javaprogramming , and #javascript"
3,J8CwlpEwHoA,CodeWithHarry,2022-05-11T17:00:09Z,How to confuse a Python Developer?
4,W3cazCXCAbU,Python Turtle,2023-08-21T16:08:12Z,Important Interview Question : 1 | Python Tamil  #python #pythonprogramming #pythontutorial
5,q2-pnQffZik,Sajjaad Khader,2024-12-31T02:30:33Z,Learn Python for FREE in 2025
6,Sl4zqWLC9Xw,Sahil & Sarra,2023-08-30T13:00:21Z,Fastest way to learn Python #coding #python #programming
7,P5An-rTtM_k,DEV19,2023-05-14T12:15:01Z,Amazing Rotating Python Graphics Design using Turtle 🐢 #python #pythonshorts #coding #viral #design
8,nluUYtejoIE,The Programmers Realm,2024-06-21T07:55:33Z,Python Basics: Your FIRST Program in Under a Minute! 🚀
9,W-8j4MrsX2s,DEV19,2023-05-24T13:15:02Z,Amazing Flower Design using Python turtle 🐢 #python #coding #funny #viral #trending #design
10,MqywbqLmjp4,Python Programmer,2024-01-31T21:00:24Z,I&#39;ve Read Over 100 Books on Python. Here are the Top 3
